Designator,Val,Package,Mid X,Mid Y,Rotation,Layer
"C1","100nF","C_0805_2012Metric_Pad1.15x1.40mm_HandSolder",13.500000,13.500000,180.000000,bottom
"C2","100nF","C_0805_2012Metric_Pad1.15x1.40mm_HandSolder",31.500000,13.500000,180.000000,bottom
"C3","100nF","C_0805_2012Metric_Pad1.15x1.40mm_HandSolder",49.500000,13.500000,180.000000,bottom
"C4","100nF","C_0805_2012Metric_Pad1.15x1.40mm_HandSolder",67.500000,13.500000,180.000000,bottom
"C5","100nF","C_0805_2012Metric_Pad1.15x1.40mm_HandSolder",85.500000,13.500000,180.000000,bottom
"C6","100nF","C_0805_2012Metric_Pad1.15x1.40mm_HandSolder",103.500000,13.500000,180.000000,bottom
"C7","100nF","C_0805_2012Metric_Pad1.15x1.40mm_HandSolder",121.500000,13.500000,180.000000,bottom
"C8","100nF","C_0805_2012Metric_Pad1.15x1.40mm_HandSolder",139.500000,13.500000,180.000000,bottom
"C9","100nF","C_0805_2012Metric_Pad1.15x1.40mm_HandSolder",157.500000,13.500000,180.000000,bottom
"C10","100nF","C_0805_2012Metric_Pad1.15x1.40mm_HandSolder",175.500000,13.500000,180.000000,bottom
"C11","100nF","C_0805_2012Metric_Pad1.15x1.40mm_HandSolder",193.500000,13.500000,180.000000,bottom
"C12","100nF","C_0805_2012Metric_Pad1.15x1.40mm_HandSolder",211.500000,13.500000,180.000000,bottom
"C13","100nF","C_0805_2012Metric_Pad1.15x1.40mm_HandSolder",229.500000,13.500000,180.000000,bottom
"C14","100nF","C_0805_2012Metric_Pad1.15x1.40mm_HandSolder",247.500000,13.500000,180.000000,bottom
"C15","100nF","C_0805_2012Metric_Pad1.15x1.40mm_HandSolder",265.500000,13.500000,180.000000,bottom
"C16","100nF","C_0805_2012Metric_Pad1.15x1.40mm_HandSolder",283.500000,13.500000,180.000000,bottom
"C17","100nF","C_0805_2012Metric_Pad1.15x1.40mm_HandSolder",40.500000,27.000000,180.000000,bottom
"C18","100nF","C_0805_2012Metric_Pad1.15x1.40mm_HandSolder",58.500000,27.000000,180.000000,bottom
"C19","100nF","C_0805_2012Metric_Pad1.15x1.40mm_HandSolder",94.500000,27.000000,180.000000,bottom
"C20","100nF","C_0805_2012Metric_Pad1.15x1.40mm_HandSolder",112.500000,27.000000,180.000000,bottom
"C21","100nF","C_0805_2012Metric_Pad1.15x1.40mm_HandSolder",130.500000,27.000000,180.000000,bottom
"C22","100nF","C_0805_2012Metric_Pad1.15x1.40mm_HandSolder",166.500000,27.000000,180.000000,bottom
"C23","100nF","C_0805_2012Metric_Pad1.15x1.40mm_HandSolder",184.500000,27.000000,180.000000,bottom
"C24","100nF","C_0805_2012Metric_Pad1.15x1.40mm_HandSolder",220.500000,27.000000,180.000000,bottom
"C25","100nF","C_0805_2012Metric_Pad1.15x1.40mm_HandSolder",238.500000,27.000000,180.000000,bottom
"C26","100nF","C_0805_2012Metric_Pad1.15x1.40mm_HandSolder",256.500000,27.000000,180.000000,bottom
"C27","100nF","C_0805_2012Metric_Pad1.15x1.40mm_HandSolder",206.500000,48.750000,225.000000,bottom
"C28","100nF","C_0805_2012Metric_Pad1.15x1.40mm_HandSolder",218.500000,48.750000,225.000000,bottom
"C29","100nF","C_0805_2012Metric_Pad1.15x1.40mm_HandSolder",230.500000,48.750000,225.000000,bottom
"C30","100nF","C_0805_2012Metric_Pad1.15x1.40mm_HandSolder",242.500000,48.750000,225.000000,bottom
"C31","100nF","C_0805_2012Metric_Pad1.15x1.40mm_HandSolder",254.500000,48.750000,225.000000,bottom
"C32","100nF","C_0805_2012Metric_Pad1.15x1.40mm_HandSolder",272.500000,48.750000,225.000000,bottom
"C33","100nF","C_0805_2012Metric_Pad1.15x1.40mm_HandSolder",284.500000,48.750000,225.000000,bottom
"C34","100nF","C_0805_2012Metric_Pad1.15x1.40mm_HandSolder",206.500000,60.750000,45.000000,bottom
"C35","100nF","C_0805_2012Metric_Pad1.15x1.40mm_HandSolder",218.500000,60.750000,45.000000,bottom
"C36","100nF","C_0805_2012Metric_Pad1.15x1.40mm_HandSolder",230.500000,60.750000,45.000000,bottom
"C37","100nF","C_0805_2012Metric_Pad1.15x1.40mm_HandSolder",242.500000,60.750000,45.000000,bottom
"C38","100nF","C_0805_2012Metric_Pad1.15x1.40mm_HandSolder",254.500000,60.750000,45.000000,bottom
"C39","100nF","C_0805_2012Metric_Pad1.15x1.40mm_HandSolder",272.500000,60.750000,45.000000,bottom
"C40","100nF","C_0805_2012Metric_Pad1.15x1.40mm_HandSolder",284.500000,60.750000,45.000000,bottom
"C41","100nF","C_0805_2012Metric_Pad1.15x1.40mm_HandSolder",206.500000,72.750000,225.000000,bottom
"C42","100nF","C_0805_2012Metric_Pad1.15x1.40mm_HandSolder",218.500000,72.750000,225.000000,bottom
"C43","100nF","C_0805_2012Metric_Pad1.15x1.40mm_HandSolder",230.500000,72.750000,225.000000,bottom
"C44","100nF","C_0805_2012Metric_Pad1.15x1.40mm_HandSolder",242.500000,72.750000,225.000000,bottom
"C45","100nF","C_0805_2012Metric_Pad1.15x1.40mm_HandSolder",254.500000,72.750000,225.000000,bottom
"C46","100nF","C_0805_2012Metric_Pad1.15x1.40mm_HandSolder",272.500000,72.750000,225.000000,bottom
"C47","100nF","C_0805_2012Metric_Pad1.15x1.40mm_HandSolder",284.500000,72.750000,225.000000,bottom
"C48","100nF","C_0805_2012Metric_Pad1.15x1.40mm_HandSolder",63.500000,30.650000,90.000000,bottom
"C49","100nF","C_0805_2012Metric_Pad1.15x1.40mm_HandSolder",62.050000,49.750000,0.000000,bottom
"C50","100nF","C_0805_2012Metric_Pad1.15x1.40mm_HandSolder",62.050000,41.850000,0.000000,bottom
"C51","100nF","C_0805_2012Metric_Pad1.15x1.40mm_HandSolder",56.550000,35.350000,0.000000,bottom
"C52","100nF","C_0805_2012Metric_Pad1.15x1.40mm_HandSolder",41.800000,34.450000,270.000000,bottom
"C53","100nF","C_0805_2012Metric_Pad1.15x1.40mm_HandSolder",40.200000,55.700000,180.000000,bottom
"C54","100nF","C_0805_2012Metric_Pad1.15x1.40mm_HandSolder",56.500000,59.350000,180.000000,bottom
"C55","100nF","C_0805_2012Metric_Pad1.15x1.40mm_HandSolder",62.050000,39.950000,0.000000,bottom
"C56","100nF","C_0805_2012Metric_Pad1.15x1.40mm_HandSolder",66.550000,34.250000,0.000000,bottom
"C57","100nF","C_0805_2012Metric_Pad1.15x1.40mm_HandSolder",62.050000,34.250000,180.000000,bottom
"C58","100nF","C_0805_2012Metric_Pad1.15x1.40mm_HandSolder",28.000000,57.000000,270.000000,bottom
"C59","10uF","C_0805_2012Metric_Pad1.15x1.40mm_HandSolder",21.850000,32.150000,0.000000,bottom
"C60","100nF","C_0805_2012Metric_Pad1.15x1.40mm_HandSolder",20.650000,44.950000,0.000000,bottom
"C61","100nF","C_0805_2012Metric_Pad1.15x1.40mm_HandSolder",24.350000,44.950000,0.000000,bottom
"C62","100nF","C_0805_2012Metric_Pad1.15x1.40mm_HandSolder",47.000000,65.950000,90.000000,bottom
"C63","100nF","C_0805_2012Metric_Pad1.15x1.40mm_HandSolder",52.000000,65.950000,270.000000,bottom
"C64","100nF","C_0805_2012Metric_Pad1.15x1.40mm_HandSolder",75.250000,45.050000,0.000000,bottom
"C65","100nF","C_0805_2012Metric_Pad1.15x1.40mm_HandSolder",79.000000,45.950000,270.000000,bottom
"C66","100nF","C_0805_2012Metric_Pad1.15x1.40mm_HandSolder",110.000000,64.750000,180.000000,bottom
"C67","100nF","C_0805_2012Metric_Pad1.15x1.40mm_HandSolder",110.000000,75.250000,0.000000,bottom
"C68","100nF","C_0805_2012Metric_Pad1.15x1.40mm_HandSolder",54.975000,77.075000,0.000000,bottom
"C69","100nF","C_0805_2012Metric_Pad1.15x1.40mm_HandSolder",80.250000,74.150000,90.000000,bottom
"C70","100nF","C_0805_2012Metric_Pad1.15x1.40mm_HandSolder",172.950000,54.000000,0.000000,bottom
"C71","100nF","C_0805_2012Metric_Pad1.15x1.40mm_HandSolder",176.650000,54.000000,0.000000,bottom
"C72","100nF","C_0805_2012Metric_Pad1.15x1.40mm_HandSolder",172.900000,66.600000,0.000000,bottom
"C73","100nF","C_0805_2012Metric_Pad1.15x1.40mm_HandSolder",167.500000,61.250000,180.000000,bottom
"C74","100nF","C_0805_2012Metric_Pad1.15x1.40mm_HandSolder",176.600000,66.600000,180.000000,bottom
"C76","47uF","C_1206_3216Metric",4.700000,42.250000,0.000000,bottom
"C77","10nF","C_0805_2012Metric_Pad1.15x1.40mm_HandSolder",9.050000,39.050000,90.000000,bottom
"C78","100nF","C_0805_2012Metric_Pad1.15x1.40mm_HandSolder",18.650000,15.650000,90.000000,bottom
"C79","470uF","CP_Elec_6.3x7.7",76.400000,15.650000,180.000000,bottom
"C80","10uF","C_0805_2012Metric_Pad1.15x1.40mm_HandSolder",9.700000,63.300000,90.000000,bottom
"C81","470uF","CP_Elec_6.3x7.7",76.400000,22.900000,180.000000,bottom
"C82","100nF","C_0805_2012Metric_Pad1.15x1.40mm_HandSolder",13.200000,67.900000,0.000000,bottom
"C83","100nF","C_0805_2012Metric_Pad1.15x1.40mm_HandSolder",8.100000,50.900000,180.000000,bottom
"C84","470uF","CP_Elec_6.3x7.7",76.400000,30.150000,180.000000,bottom
"C85","1uF","C_0805_2012Metric_Pad1.15x1.40mm_HandSolder",4.100000,51.500000,180.000000,bottom
"C86","22nF","C_0805_2012Metric_Pad1.15x1.40mm_HandSolder",23.175000,37.400000,180.000000,bottom
"C87","10nF","C_0805_2012Metric_Pad1.15x1.40mm_HandSolder",75.450000,36.150000,270.000000,bottom
"C88","22uF","C_0805_2012Metric_Pad1.15x1.40mm_HandSolder",28.175000,40.250000,90.000000,bottom
"C89","22pF","C_0805_2012Metric_Pad1.15x1.40mm_HandSolder",5.800000,61.900000,0.000000,bottom
"C90","100nF","C_0805_2012Metric_Pad1.15x1.40mm_HandSolder",16.850000,62.800000,90.000000,bottom
"C91","100nF","C_0805_2012Metric_Pad1.15x1.40mm_HandSolder",11.800000,50.900000,180.000000,bottom
"C92","680pF","C_0805_2012Metric_Pad1.15x1.40mm_HandSolder",4.800000,64.700000,270.000000,bottom
"C94","47pF","C_0805_2012Metric_Pad1.15x1.40mm_HandSolder",3.100000,54.600000,90.000000,bottom
"C95","47uF","C_1206_3216Metric",12.800000,63.400000,90.000000,bottom
"C96","15pF","C_0805_2012Metric_Pad1.15x1.40mm_HandSolder",62.050000,53.700000,0.000000,bottom
"C97","15pF","C_0805_2012Metric_Pad1.15x1.40mm_HandSolder",62.050000,51.800000,0.000000,bottom
"C98","100nF","C_0805_2012Metric_Pad1.15x1.40mm_HandSolder",62.625000,89.200000,180.000000,bottom
"C99","100nF","C_0805_2012Metric_Pad1.15x1.40mm_HandSolder",206.500000,84.750000,225.000000,bottom
"C100","100nF","C_0805_2012Metric_Pad1.15x1.40mm_HandSolder",218.500000,84.750000,225.000000,bottom
"C101","100nF","C_0805_2012Metric_Pad1.15x1.40mm_HandSolder",230.500000,84.750000,225.000000,bottom
"C102","100nF","C_0805_2012Metric_Pad1.15x1.40mm_HandSolder",242.500000,84.750000,225.000000,bottom
"C103","100nF","C_0805_2012Metric_Pad1.15x1.40mm_HandSolder",254.500000,84.750000,225.000000,bottom
"C104","100nF","C_0805_2012Metric_Pad1.15x1.40mm_HandSolder",272.500000,84.750000,225.000000,bottom
"C105","100nF","C_0805_2012Metric_Pad1.15x1.40mm_HandSolder",284.500000,84.750000,225.000000,bottom
"C204","30pF","C_0805_2012Metric_Pad1.15x1.40mm_HandSolder",62.050000,47.700000,0.000000,bottom
"C205","30pF","C_0805_2012Metric_Pad1.15x1.40mm_HandSolder",62.050000,45.800000,0.000000,bottom
"C211","4.7uF","C_0805_2012Metric_Pad1.15x1.40mm_HandSolder",56.500000,61.250000,180.000000,bottom
"C218","1uF","C_0805_2012Metric_Pad1.15x1.40mm_HandSolder",62.050000,55.750000,180.000000,bottom
"C219","1uF","C_0805_2012Metric_Pad1.15x1.40mm_HandSolder",62.050000,38.050000,0.000000,bottom
"C221","2.2uF","C_0805_2012Metric_Pad1.15x1.40mm_HandSolder",43.700000,34.450000,270.000000,bottom
"C222","2.2uF","C_0805_2012Metric_Pad1.15x1.40mm_HandSolder",39.300000,52.900000,90.000000,bottom
"C226","10uF","C_0805_2012Metric_Pad1.15x1.40mm_HandSolder",28.000000,45.850000,90.000000,bottom
"C232","10uF","C_0805_2012Metric_Pad1.15x1.40mm_HandSolder",125.222300,55.500900,90.000000,bottom
"C243","10uF","C_0805_2012Metric_Pad1.15x1.40mm_HandSolder",172.950000,52.100000,180.000000,bottom
"C246","10uF","C_0805_2012Metric_Pad1.15x1.40mm_HandSolder",172.900000,68.500000,180.000000,bottom
"C247","10uF","C_0805_2012Metric_Pad1.15x1.40mm_HandSolder",176.650000,52.100000,180.000000,bottom
"C250","10uF","C_0805_2012Metric_Pad1.15x1.40mm_HandSolder",167.500000,63.150000,0.000000,bottom
"C252","220pF (C0G)","C_0805_2012Metric_Pad1.15x1.40mm_HandSolder",184.850000,78.600000,180.000000,bottom
"C256","220pF (C0G)","C_0805_2012Metric_Pad1.15x1.40mm_HandSolder",181.150000,78.600000,0.000000,bottom
"C259","220pF (C0G)","C_0805_2012Metric_Pad1.15x1.40mm_HandSolder",166.150000,80.500000,0.000000,bottom
"C260","10uF","C_0805_2012Metric_Pad1.15x1.40mm_HandSolder",201.700000,71.150000,270.000000,bottom
"C261","10uF","C_0805_2012Metric_Pad1.15x1.40mm_HandSolder",201.700000,56.850000,90.000000,bottom
"C264","10uF","C_0805_2012Metric_Pad1.15x1.40mm_HandSolder",176.600000,68.500000,0.000000,bottom
"C265","30pF","C_0805_2012Metric_Pad1.15x1.40mm_HandSolder",180.450000,59.550000,90.000000,bottom
"C266","30pF","C_0805_2012Metric_Pad1.15x1.40mm_HandSolder",180.450000,55.850000,270.000000,bottom
"C267","10uf Tantalum","CP_EIA-3216-18_Kemet-A_Pad1.58x1.35mm_HandSolder",153.900000,48.537500,90.000000,bottom
"C268","10uf Tantalum","CP_EIA-3216-18_Kemet-A_Pad1.58x1.35mm_HandSolder",162.300000,54.837500,270.000000,bottom
"CN201","1x4 MALE Molex PicoBlade","Molex_PicoBlade_53261-0471_1x04-1MP_P1.25mm_Horizontal",141.427500,43.592000,180.000000,bottom
"CN202","1x4 MALE Molex PicoBlade","Molex_PicoBlade_53261-0471_1x04-1MP_P1.25mm_Horizontal",129.667300,43.592000,180.000000,bottom
"D1","SM4007PL","D_SOD-123F",13.500000,7.500000,270.000000,bottom
"D2","SM4007PL","D_SOD-123F",31.500000,7.500000,270.000000,bottom
"D3","SM4007PL","D_SOD-123F",49.500000,7.500000,270.000000,bottom
"D4","SM4007PL","D_SOD-123F",67.500000,7.500000,270.000000,bottom
"D5","SM4007PL","D_SOD-123F",85.500000,7.500000,270.000000,bottom
"D6","SM4007PL","D_SOD-123F",103.500000,7.500000,270.000000,bottom
"D7","SM4007PL","D_SOD-123F",121.500000,7.500000,270.000000,bottom
"D8","SM4007PL","D_SOD-123F",139.500000,7.500000,270.000000,bottom
"D9","SM4007PL","D_SOD-123F",157.500000,7.500000,270.000000,bottom
"D10","SM4007PL","D_SOD-123F",175.500000,7.500000,270.000000,bottom
"D11","SM4007PL","D_SOD-123F",193.500000,7.500000,270.000000,bottom
"D12","SM4007PL","D_SOD-123F",211.500000,7.500000,270.000000,bottom
"D13","SM4007PL","D_SOD-123F",229.500000,7.500000,270.000000,bottom
"D14","SM4007PL","D_SOD-123F",247.500000,7.500000,270.000000,bottom
"D15","SM4007PL","D_SOD-123F",265.500000,7.500000,270.000000,bottom
"D16","SM4007PL","D_SOD-123F",283.500000,7.500000,270.000000,bottom
"D17","SM4007PL","D_SOD-123F",40.500000,21.000000,270.000000,bottom
"D18","SM4007PL","D_SOD-123F",58.500000,21.000000,270.000000,bottom
"D19","SM4007PL","D_SOD-123F",94.500000,21.000000,270.000000,bottom
"D20","SM4007PL","D_SOD-123F",112.500000,21.000000,270.000000,bottom
"D21","SM4007PL","D_SOD-123F",130.500000,21.000000,270.000000,bottom
"D22","SM4007PL","D_SOD-123F",166.500000,21.000000,270.000000,bottom
"D23","SM4007PL","D_SOD-123F",184.500000,21.000000,270.000000,bottom
"D24","SM4007PL","D_SOD-123F",220.500000,21.000000,270.000000,bottom
"D25","SM4007PL","D_SOD-123F",238.500000,21.000000,270.000000,bottom
"D26","SM4007PL","D_SOD-123F",256.500000,21.000000,270.000000,bottom
"D27","SM4007PL","D_SOD-123F",214.000000,41.250000,135.000000,bottom
"D28","SM4007PL","D_SOD-123F",226.000000,41.250000,135.000000,bottom
"D29","SM4007PL","D_SOD-123F",238.000000,41.250000,135.000000,bottom
"D30","SM4007PL","D_SOD-123F",250.000000,41.250000,135.000000,bottom
"D31","SM4007PL","D_SOD-123F",262.000000,41.250000,135.000000,bottom
"D32","SM4007PL","D_SOD-123F",280.000000,41.250000,135.000000,bottom
"D33","SM4007PL","D_SOD-123F",292.000000,41.250000,135.000000,bottom
"D34","SM4007PL","D_SOD-123F",214.000000,53.250000,135.000000,bottom
"D35","SM4007PL","D_SOD-123F",226.000000,53.250000,135.000000,bottom
"D36","SM4007PL","D_SOD-123F",238.000000,53.250000,135.000000,bottom
"D37","SM4007PL","D_SOD-123F",250.000000,53.250000,135.000000,bottom
"D38","SM4007PL","D_SOD-123F",262.000000,53.250000,135.000000,bottom
"D39","SM4007PL","D_SOD-123F",280.000000,53.250000,135.000000,bottom
"D40","SM4007PL","D_SOD-123F",292.000000,53.250000,135.000000,bottom
"D41","SM4007PL","D_SOD-123F",214.000000,65.250000,135.000000,bottom
"D42","SM4007PL","D_SOD-123F",226.000000,65.250000,135.000000,bottom
"D43","SM4007PL","D_SOD-123F",238.000000,65.250000,135.000000,bottom
"D44","SM4007PL","D_SOD-123F",250.000000,65.250000,135.000000,bottom
"D45","SM4007PL","D_SOD-123F",262.000000,65.250000,135.000000,bottom
"D46","SM4007PL","D_SOD-123F",280.000000,65.250000,135.000000,bottom
"D47","SM4007PL","D_SOD-123F",292.000000,65.250000,135.000000,bottom
"D48","15V BI TVS","D_SOD-123F",17.000000,79.550000,90.000000,bottom
"D49","15V ZENER","D_SOD-123",6.800000,77.400000,90.000000,bottom
"D50","6V BI TVS","D_SOD-123F",193.500000,74.750000,90.000000,bottom
"D51","6V BI TVS","D_SOD-123F",190.750000,74.750000,90.000000,bottom
"D52","6V BI TVS","D_SOD-123F",169.750000,87.500000,270.000000,bottom
"D53","6V BI TVS","D_SOD-123F",180.500000,86.400000,270.000000,bottom
"D54","1N4148","D_SOD-323_HandSoldering",27.275000,37.425000,0.000000,bottom
"D55","6V BI TVS","D_SOD-123F",154.600000,77.250000,180.000000,bottom
"D56","6V BI TVS","D_SOD-123F",166.250000,87.500000,270.000000,bottom
"D57","RED LED","LED_0603_1608Metric",37.950000,42.400000,0.000000,bottom
"D58","SM4007PL","D_SOD-123F",214.000000,77.250000,135.000000,bottom
"D59","SM4007PL","D_SOD-123F",226.000000,77.250000,135.000000,bottom
"D60","SM4007PL","D_SOD-123F",238.000000,77.250000,135.000000,bottom
"D61","SM4007PL","D_SOD-123F",250.000000,77.250000,135.000000,bottom
"D62","SM4007PL","D_SOD-123F",262.000000,77.250000,135.000000,bottom
"D63","SM4007PL","D_SOD-123F",280.000000,77.250000,135.000000,bottom
"D64","SM4007PL","D_SOD-123F",292.000000,77.250000,135.000000,bottom
"D202","SM4007PL","D_SOD-123F",22.500000,50.000000,90.000000,bottom
"D203","SM4007PL","D_SOD-123F",76.500000,50.000000,90.000000,bottom
"D204","SM4007PL","D_SOD-123F",49.500000,70.000000,90.000000,bottom
"D205","SM4007PL","D_SOD-123F",103.500000,70.000000,180.000000,bottom
"D206","1N4148W","D_SOD-123",62.500000,82.200000,180.000000,bottom
"FID7","Fiducial","Fiducial_1mm_Mask2mm",30.500000,87.500000,0.000000,bottom
"FID8","Fiducial","Fiducial_1mm_Mask2mm",6.500000,13.500000,0.000000,bottom
"FID9","Fiducial","Fiducial_1mm_Mask2mm",128.500000,87.500000,0.000000,bottom
"FID10","Fiducial","Fiducial_1mm_Mask2mm",130.500000,5.500000,0.000000,bottom
"FID11","Fiducial","Fiducial_1mm_Mask2mm",263.500000,86.500000,0.000000,bottom
"FID12","Fiducial","Fiducial_1mm_Mask2mm",292.500000,15.500000,0.000000,bottom
"J206","Conn_02x06","Harwin_M20-7810645_2x06_P2.54mm_Vertical_SolderHoles",194.530000,64.000000,270.000000,bottom
"J207","Conn_02x03","Harwin_M20-7810345_2x03_P2.54mm_Vertical_SolderHoles",155.160000,64.000000,270.000000,bottom
"L1","4.7uH","L_Sunlord_MWSA0518_5.4x5.2mm",10.550000,47.150000,180.000000,bottom
"L2","4.7uH","L_Sunlord_MWSA0518_5.4x5.2mm",18.000000,37.500000,90.000000,bottom
"Q1","AO4407A","SOIC-8_3.9x4.9mm_P1.27mm",11.900000,78.800000,0.000000,bottom
"R1","1k","R_0805_2012Metric_Pad1.15x1.40mm_HandSolder",94.800000,70.000000,0.000000,bottom
"R2","1k","R_0805_2012Metric_Pad1.15x1.40mm_HandSolder",82.550000,74.150000,90.000000,bottom
"R3","1k","R_0805_2012Metric_Pad1.15x1.40mm_HandSolder",94.800000,41.500000,180.000000,bottom
"R4","47k","R_0805_2012Metric_Pad1.15x1.40mm_HandSolder",62.050000,43.750000,180.000000,bottom
"R5","10k","R_0805_2012Metric_Pad1.15x1.40mm_HandSolder",16.850000,66.500000,270.000000,bottom
"R6","10k","R_0805_2012Metric_Pad1.15x1.40mm_HandSolder",39.050000,58.650000,270.000000,bottom
"R7","10k","R_0805_2012Metric_Pad1.15x1.40mm_HandSolder",41.100000,58.650000,90.000000,bottom
"R8","40.2k","R_0805_2012Metric_Pad1.15x1.40mm_HandSolder",10.600000,69.800000,180.000000,bottom
"R9","49.9k","R_0805_2012Metric_Pad1.15x1.40mm_HandSolder",28.500000,34.900000,270.000000,bottom
"R10","100k","R_0805_2012Metric_Pad1.15x1.40mm_HandSolder",10.950000,39.050000,90.000000,bottom
"R11","100k","R_0805_2012Metric_Pad1.15x1.40mm_HandSolder",25.450000,16.200000,0.000000,bottom
"R12","0","R_0805_2012Metric_Pad1.15x1.40mm_HandSolder",9.500000,36.000000,180.000000,bottom
"R13","100k","R_0805_2012Metric_Pad1.15x1.40mm_HandSolder",6.100000,80.700000,180.000000,bottom
"R14","100k","R_0805_2012Metric_Pad1.15x1.40mm_HandSolder",4.100000,49.600000,180.000000,bottom
"R15","100k","R_0805_2012Metric_Pad1.15x1.40mm_HandSolder",9.700000,67.000000,90.000000,bottom
"R16","100k","R_0805_2012Metric_Pad1.15x1.40mm_HandSolder",73.550000,36.150000,90.000000,bottom
"R17","0","R_0805_2012Metric_Pad1.15x1.40mm_HandSolder",75.950000,39.500000,180.000000,bottom
"R18","16k","R_0805_2012Metric_Pad1.15x1.40mm_HandSolder",25.850000,32.225000,180.000000,bottom
"R19","0","R_0805_2012Metric_Pad1.15x1.40mm_HandSolder",62.050000,36.150000,0.000000,bottom
"R20","22k","R_0805_2012Metric_Pad1.15x1.40mm_HandSolder",14.950000,62.800000,90.000000,bottom
"R21","33k","R_0805_2012Metric_Pad1.15x1.40mm_HandSolder",6.700000,64.700000,90.000000,bottom
"R22","270k","R_0805_2012Metric_Pad1.15x1.40mm_HandSolder",5.000000,54.600000,90.000000,bottom
"R23","51k","R_0805_2012Metric_Pad1.15x1.40mm_HandSolder",5.000000,58.300000,90.000000,bottom
"R24","10k","R_0805_2012Metric_Pad1.15x1.40mm_HandSolder",3.100000,58.300000,90.000000,bottom
"R26","100k","R_0805_2012Metric_Pad1.15x1.40mm_HandSolder",94.800000,46.550000,0.000000,bottom
"R27","100","R_0805_2012Metric_Pad1.15x1.40mm_HandSolder",25.450000,14.300000,180.000000,bottom
"R28","330","R_0805_2012Metric_Pad1.15x1.40mm_HandSolder",37.950000,44.300000,180.000000,bottom
"R29","10k","R_0805_2012Metric_Pad1.15x1.40mm_HandSolder",66.550000,36.150000,180.000000,bottom
"R30","10k","R_0805_2012Metric_Pad1.15x1.40mm_HandSolder",66.550000,38.050000,180.000000,bottom
"R31","10k","R_0805_2012Metric_Pad1.15x1.40mm_HandSolder",71.650000,36.150000,90.000000,bottom
"R32","10k","R_0805_2012Metric_Pad1.15x1.40mm_HandSolder",12.850000,39.050000,90.000000,bottom
"R202","2.2k","R_0805_2012Metric_Pad1.15x1.40mm_HandSolder",94.800000,38.950000,180.000000,bottom
"R203","47k","R_0805_2012Metric_Pad1.15x1.40mm_HandSolder",70.550000,67.450000,90.000000,bottom
"R204","47k","R_0805_2012Metric_Pad1.15x1.40mm_HandSolder",71.450000,64.650000,0.000000,bottom
"R205","2.2k","R_0805_2012Metric_Pad1.15x1.40mm_HandSolder",94.800000,36.400000,180.000000,bottom
"R206","2.2k","R_0805_2012Metric_Pad1.15x1.40mm_HandSolder",37.950000,48.400000,180.000000,bottom
"R207","2.2k","R_0805_2012Metric_Pad1.15x1.40mm_HandSolder",37.950000,46.350000,0.000000,bottom
"R208","100","R_0805_2012Metric_Pad1.15x1.40mm_HandSolder",25.450000,18.100000,180.000000,bottom
"R212","10","R_0805_2012Metric_Pad1.15x1.40mm_HandSolder",75.450000,80.450000,90.000000,bottom
"R213","33","R_0805_2012Metric_Pad1.15x1.40mm_HandSolder",73.550000,80.450000,270.000000,bottom
"R214","10","R_0805_2012Metric_Pad1.15x1.40mm_HandSolder",73.550000,85.400000,90.000000,bottom
"R215","33","R_0805_2012Metric_Pad1.15x1.40mm_HandSolder",75.450000,85.400000,90.000000,bottom
"R216","270","R_0805_2012Metric_Pad1.15x1.40mm_HandSolder",54.450000,74.450000,180.000000,bottom
"R217","220","R_0805_2012Metric_Pad1.15x1.40mm_HandSolder",63.000000,79.850000,180.000000,bottom
"R218","5.1k","R_0805_2012Metric_Pad1.15x1.40mm_HandSolder",184.850000,84.300000,0.000000,bottom
"R219","5.1k","R_0805_2012Metric_Pad1.15x1.40mm_HandSolder",184.850000,80.500000,180.000000,bottom
"R220","100","R_0805_2012Metric_Pad1.15x1.40mm_HandSolder",169.850000,82.400000,0.000000,bottom
"R221","47k","R_0805_2012Metric_Pad1.15x1.40mm_HandSolder",166.150000,78.600000,180.000000,bottom
"R222","5.1k","R_0805_2012Metric_Pad1.15x1.40mm_HandSolder",184.850000,82.400000,0.000000,bottom
"R223","100","R_0805_2012Metric_Pad1.15x1.40mm_HandSolder",169.850000,80.500000,0.000000,bottom
"R224","5.1k","R_0805_2012Metric_Pad1.15x1.40mm_HandSolder",181.150000,80.500000,0.000000,bottom
"R225","47k","R_0805_2012Metric_Pad1.15x1.40mm_HandSolder",169.850000,78.600000,0.000000,bottom
"R226","680","R_0805_2012Metric_Pad1.15x1.40mm_HandSolder",166.500000,68.550000,180.000000,bottom
"R227","330","R_0805_2012Metric_Pad1.15x1.40mm_HandSolder",166.500000,66.650000,180.000000,bottom
"R228","47k","R_0805_2012Metric_Pad1.15x1.40mm_HandSolder",150.125000,76.625000,0.000000,bottom
"R229","47k","R_0805_2012Metric_Pad1.15x1.40mm_HandSolder",166.150000,82.400000,180.000000,bottom
"R230","47k","R_0805_2012Metric_Pad1.15x1.40mm_HandSolder",159.000000,76.625000,180.000000,bottom
"R231","33","R_0805_2012Metric_Pad1.15x1.40mm_HandSolder",94.800000,48.600000,0.000000,bottom
"R232","33","R_0805_2012Metric_Pad1.15x1.40mm_HandSolder",94.800000,76.100000,0.000000,bottom
"R233","33","R_0805_2012Metric_Pad1.15x1.40mm_HandSolder",167.500000,57.650000,0.000000,bottom
"R234","33","R_0805_2012Metric_Pad1.15x1.40mm_HandSolder",94.800000,83.350000,0.000000,bottom
"R235","33","R_0805_2012Metric_Pad1.15x1.40mm_HandSolder",94.800000,50.650000,0.000000,bottom
"R236","33","R_0805_2012Metric_Pad1.15x1.40mm_HandSolder",94.800000,78.000000,0.000000,bottom
"R237","33","R_0805_2012Metric_Pad1.15x1.40mm_HandSolder",62.050000,57.650000,180.000000,bottom
"R238","33","R_0805_2012Metric_Pad1.15x1.40mm_HandSolder",94.800000,85.250000,0.000000,bottom
"SW48","SW_DIP_x02","SW_DIP_SPSTx02_Slide_HRO_EP-02KS",76.650000,61.750000,180.000000,bottom
"SW49","SW_SP3T (DP3T Parallel)","SW_SP3T_CK-JS203011JCQN",21.400000,73.000000,0.000000,bottom
"SW201","5.2x5.2x1.5mm","SW_SPST_5.2x5.2x1.5mm",67.700000,28.250000,270.000000,bottom
"SW202","SW_DIP_x02","SW_DIP_SPSTx02_Slide_HRO_EP-02KS",76.650000,67.500000,180.000000,bottom
"U1","SN74LV1T34_SOT-23_A","SOT-23-5_HandSoldering",21.600000,15.650000,270.000000,bottom
"U2","TPS22918_SOT23-6_A","SOT-23-6",6.200000,39.100000,270.000000,bottom
"U3","LTC3112_TSSOP20_A","TSSOP-20_FE_CA",9.700000,56.900000,270.000000,bottom
"U4","MP2359","TSOT-23-6_HandSoldering",23.875000,34.900000,180.000000,bottom
"U5","TPS22918_SOT23-6_A","SOT-23-6",78.300000,36.100000,90.000000,bottom
"U201","6N137","DIP-8_W8.89mm_SMDSocket_LongPads",63.050000,73.275000,180.000000,bottom
"U202","STM32F407VGTx","LQFP-100_14x14mm_P0.5mm",50.000000,46.500000,180.000000,bottom
"U204","SRV05-4","SOT-23-6",39.000000,71.500000,90.000000,bottom
"U205","SN74HC14","SOIC-14_3.9x8.7mm_P1.27mm",74.500000,73.900000,90.000000,bottom
"U207","WM8731","TSSOP-28_4.4x9.7mm_P0.65mm",174.750000,60.300000,0.000000,bottom
"U208","AMS1117-3.3","SOT-223-3_TabPin2",158.700000,50.200000,90.000000,bottom
"Y201","25MHz","Crystal_SMD_3225-4Pin_3.2x2.5mm",66.650000,45.000000,90.000000,bottom
"Y202","32.768kHz","Crystal_SMD_3215-2Pin_3.2x1.5mm_HandSoldering",65.900000,52.750000,270.000000,bottom
"Y203","12.288MHz","Crystal_SMD_3225-4Pin_3.2x2.5mm",184.300000,56.200000,270.000000,bottom
